starting_date,f1,auc,pr1,pr2,pr5,pr10,re1,re2,re5,re10,rev1,rev2,rev5,rev10,model,epoch,dim,lr,l2,beta,heads,fusion,activation,exp_id
16-09-01,0.18366895330825406,0.7750780043105535,0.2997453510761261,0.16458672285079956,0.07792489975690842,0.04948632791638374,0.1329890251775339,0.14686894770819883,0.17382182052937378,0.2207876049063912,0.16319042128910857,0.18301044801779423,0.2499937942412638,0.31585632171504674,DATE_16-09-01,5,16,0.005,0.01,0.0,4,concat,relu,RFL1KX9W3G
16-09-01,0.18832298136645964,0.7678081242679488,0.3037974536418915,0.16992399096488953,0.07777456194162369,0.041853565722703934,0.1355713363460297,0.1515493867010975,0.17349903163331182,0.1867333763718528,0.1625319545257134,0.1990279511149406,0.25049480650529854,0.26951814098945676,DATE_16-09-01,5,16,0.005,0.01,0.0,4,concat,relu,GQT5WD53WM
16-06-01,0.2212290502793296,0.8228840071305286,0.4448463022708893,0.2454775720834732,0.12091172486543655,0.09217189997434616,0.19851517107811492,0.21901226597805035,0.2696901226597805,0.41123305358295675,0.24407883878158387,0.277962725162179,0.3290818130256466,0.45424049351812607,DATE_16-06-01,5,16,0.005,0.01,0.0,4,concat,relu,U2PEOQAHRW
16-06-01,0.2287289011367551,0.8044976529901404,0.4430379867553711,0.24036896228790283,0.10902908444404602,0.06649301946163177,0.19770819883795998,0.2144932214331827,0.2432214331826985,0.29664299548095546,0.24114044369121307,0.2733637217530821,0.32122572221409756,0.3750864094360876,DATE_16-06-01,5,16,0.005,0.01,0.0,4,concat,relu,MG98CIMHLE
16-03-01,0.609338722160117,0.9410384770016171,0.9103074073791504,0.6446011662483215,0.31978005170822144,0.18184778094291687,0.4062298256939961,0.5752098127824403,0.7133634602969657,0.8113298902517754,0.28479698524443214,0.45452671682481605,0.6060647306604416,0.7219917716844788,DATE_16-03-01,5,16,0.005,0.01,0.0,4,concat,relu,AW5LJVIRM5
16-03-01,0.5714285714285714,0.922848222514433,0.8173598647117615,0.6136733293533325,0.31413689255714417,0.175191730260849,0.3647514525500323,0.5476113621691414,0.7007746933505488,0.7816333118140736,0.3049847014029446,0.45603179098958374,0.6150889347631967,0.7160631439184806,DATE_16-03-01,5,16,0.005,0.01,0.0,4,concat,relu,E959TVEBA0
15-12-01,0.5152193645990922,0.9413515115441332,0.8441229462623596,0.6064387559890747,0.3327304422855377,0.18810591101646423,0.3766946417043254,0.5411555842479019,0.7422530664945126,0.8392511297611362,0.3096414954491081,0.464296949836111,0.6407309043279925,0.7790020692673264,DATE_15-12-01,5,16,0.005,0.01,0.0,4,concat,relu,DNXMORS7PD
15-12-01,0.5965756721446746,0.9456723330289498,0.9160940051078796,0.7017543911933899,0.34300389885902405,0.18951977789402008,0.4088121368624919,0.6262104583602324,0.7651710781149128,0.8452227243382827,0.39409571163201157,0.5395737703905399,0.6817169307370725,0.8067844577866505,DATE_15-12-01,5,16,0.005,0.01,0.0,4,concat,relu,5CCYLZBHVM
15-09-01,0.7192805513531686,0.9601479053709147,0.941048800945282,0.7625248432159424,0.3682534992694855,0.1970546692609787,0.4199483537766301,0.6804389928986443,0.8214977404777276,0.8789541639767592,0.39151244977951655,0.6280404932806629,0.784770280305079,0.8486325390062515,DATE_15-09-01,5,16,0.005,0.01,0.0,4,concat,relu,994AS774H6
15-09-01,0.7040937659249193,0.9579051413203431,0.9471970796585083,0.7480101585388184,0.36774706840515137,0.1957748532295227,0.42269205939315685,0.6673660426081343,0.8203679793415106,0.8734667527437057,0.39867472307330676,0.634152917094898,0.7622100433958484,0.8395409345861106,DATE_15-09-01,5,16,0.005,0.01,0.0,4,concat,relu,OJYRTO50YY
15-06-01,0.734047815333883,0.9589459469088542,0.9725135564804077,0.7821208834648132,0.37223267555236816,0.1980176568031311,0.433989670755326,0.697546804389929,0.8303744351194319,0.8834732085216268,0.3097154873554004,0.5968433814483344,0.7869448483068493,0.8575659195390652,DATE_15-06-01,5,16,0.005,0.01,0.0,4,concat,relu,XFDQ45V151
15-06-01,0.7449731903485255,0.9563887355977534,0.9536735415458679,0.7948625087738037,0.3718709349632263,0.19787295162677765,0.4252743705616527,0.7091672046481601,0.829567462879277,0.8828276307295029,0.3701377238356333,0.6202426680323483,0.783383080807913,0.8693477998570915,DATE_15-06-01,5,16,0.005,0.01,0.0,4,concat,relu,MTIDI01K7D
15-03-01,0.7247181266261925,0.9606416910766981,0.9428571462631226,0.7641526460647583,0.36017653346061707,0.19613659381866455,0.420755326016785,0.6818915429309231,0.8034215622982569,0.8750806972240155,0.3918384610295517,0.6149405265847658,0.754437554928369,0.8493343592571763,DATE_15-03-01,5,16,0.005,0.01,0.0,4,concat,relu,PA4K51LNMH
15-03-01,0.731175905158603,0.9635617191900673,0.9504520893096924,0.79066401720047,0.36919403076171875,0.19714947044849396,0.42414460942543575,0.7052937378954164,0.8235958683021304,0.8795997417688831,0.443021704070956,0.6614202301955395,0.7695012430482328,0.8550913760124673,DATE_15-03-01,5,16,0.005,0.01,0.0,4,concat,relu,VPXLXX9D1C
14-12-01,0.7378998492714788,0.9515530125877493,0.9743219017982483,0.7872648239135742,0.3658660054206848,0.1953769326210022,0.43479664299548093,0.7023886378308586,0.816171723692705,0.8716914138153647,0.33900444355730963,0.6199664361648112,0.7667468617752744,0.8421316558850189,DATE_14-12-01,5,16,0.005,0.01,0.0,4,concat,relu,ZN15KVXUKL
14-09-01,0.7209361057328059,0.959493893971762,0.9495096206665039,0.7670465111732483,0.36651715636253357,0.1971127688884735,0.42188508715300194,0.684473854099419,0.8176242737249838,0.8792769528728211,0.40846608764796893,0.6327737131350468,0.770845573073533,0.8428583556015098,DATE_14-09-01,5,16,0.005,0.01,0.0,4,concat,relu,YJ258J8KIL
14-12-01,0.7292149718449819,0.9561640770033525,0.9547920227050781,0.7769940495491028,0.36810481548309326,0.1966068595647812,0.4260813428018076,0.6933505487411233,0.8206907682375726,0.8771788250484184,0.3780810293084683,0.6378818118318929,0.7836831014014918,0.8588760804444865,DATE_14-12-01,5,16,0.005,0.01,0.0,4,concat,relu,8Y5ED0ORSB
14-09-01,0.7244555392958595,0.9563508406538742,0.9406227469444275,0.7652378082275391,0.3625968098640442,0.19541311264038086,0.41930277598450616,0.6828599096191091,0.8085861846352486,0.8718528082633957,0.33765642603708634,0.5968415184803761,0.7470097621168488,0.8503278957108643,DATE_14-09-01,5,16,0.005,0.01,0.0,4,concat,relu,OJ02HSRMTO
14-03-01,0.5111063187405649,0.9510922927250814,0.9500904083251953,0.7342619299888611,0.34770655632019043,0.18778035044670105,0.42398321497740477,0.6551000645577792,0.775661717236927,0.8377985797288573,0.43378607052646395,0.6264360457387455,0.7532483958559147,0.8228594030901821,DATE_14-03-01,5,16,0.005,0.01,0.0,4,concat,relu,5OGS4QO5E2
14-06-01,0.7517554729450638,0.9665105493121589,0.9735507369041443,0.8064749240875244,0.3724766671657562,0.19993488490581512,0.43366688185926405,0.7196578437701743,0.8308586184635248,0.8920271142672692,0.4050791007427533,0.6654455460856831,0.8176344057103714,0.8855070729600951,DATE_14-06-01,5,16,0.005,0.01,0.0,4,concat,relu,GPPH8D7FB1
14-03-01,0.6041484862724039,0.9532471078380554,0.9587703347206116,0.7446193099021912,0.3491535186767578,0.18948054313659668,0.42785668173014846,0.6644609425435765,0.7788896061975468,0.8453841187863137,0.40914925909349587,0.5885242147100075,0.7304693512959045,0.8157862106448327,DATE_14-03-01,5,16,0.005,0.01,0.0,4,concat,relu,QNFINC2JA7
14-06-01,0.7654236709616862,0.9661052159983314,0.9699819087982178,0.8115391731262207,0.3743125796318054,0.19888582825660706,0.4328599096191091,0.724176888315042,0.8348934796642995,0.8873466752743706,0.43462589943616775,0.6772959666953897,0.8203967736205131,0.8739313001838769,DATE_14-06-01,5,16,0.005,0.01,0.0,4,concat,relu,E2ORVXNQYN
13-12-01,0.5637455288707205,0.955065243671575,0.8669077754020691,0.6652197241783142,0.3474171757698059,0.19186803698539734,0.3868624919302776,0.5936087798579729,0.7750161394448031,0.856036152356359,0.4566176226433344,0.5717949961199498,0.739547652481139,0.8331203458004842,DATE_13-12-01,5,16,0.005,0.01,0.0,4,concat,relu,3WPE9UT3GP
13-09-01,0.6376687988628287,0.9605837839713681,0.9157323837280273,0.7355282306671143,0.3583061993122101,0.19682390987873077,0.4086507424144609,0.6562298256939961,0.7989025177533893,0.8781471917366043,0.4729853896595844,0.6335832219477138,0.7543931076714829,0.8582238829716174,DATE_13-09-01,5,16,0.005,0.01,0.0,4,concat,relu,1H79DHGG1N
13-12-01,0.48166834846955936,0.9499535554097304,0.7956600189208984,0.6102369427680969,0.3247213661670685,0.18633338809013367,0.35506778566817304,0.5445448676565526,0.724176888315042,0.8313428018076178,0.41859669721080084,0.5372091266349591,0.7032727220930918,0.8199480259586841,DATE_13-12-01,5,16,0.005,0.01,0.0,4,concat,relu,EZ0EUFQ8IK
13-09-01,0.5322611044794874,0.9563850203076408,0.800000011920929,0.5967070460319519,0.3419681489467621,0.19544927775859833,0.3570045190445449,0.5322788896061975,0.7627501613944481,0.8720142027114267,0.47364881398560915,0.5826971472917781,0.726192223226782,0.8579083551297081,DATE_13-09-01,5,16,0.005,0.01,0.0,4,concat,relu,XSUVGVL0ZV
13-06-01,0.6455301455301455,0.9650644023473839,0.8336347341537476,0.7104358673095703,0.36622774600982666,0.2001953423023224,0.3720142027114267,0.6339573918657199,0.8169786959328599,0.8931568754034861,0.4801474107198596,0.6417080242050174,0.792674973220025,0.8879639468851285,DATE_13-06-01,5,16,0.005,0.01,0.0,4,concat,relu,YH97YV0J63
13-03-01,0.7429352780309937,0.9715451723282582,0.9211573004722595,0.8158798813819885,0.38795599341392517,0.20344378054141998,0.41107165913492577,0.7280503550677857,0.8650742414460942,0.907682375726275,0.4355529261537169,0.6808833705498014,0.8506115135513885,0.9007906901473118,DATE_13-03-01,5,16,0.005,0.01,0.0,4,concat,relu,WBNHQ3CFB6
13-06-01,0.4800620937227127,0.9609185297591428,0.800361692905426,0.6247060894966125,0.35400086641311646,0.19986246526241302,0.35716591349257587,0.5574564234990317,0.7897030342156229,0.8912201420271143,0.46442882819790726,0.6021068118684875,0.7754243828416348,0.8873928364276658,DATE_13-06-01,5,16,0.005,0.01,0.0,4,concat,relu,KOF1B4JNQ6
13-03-01,0.7508603441376551,0.9652424290043833,0.8802893161773682,0.7966684699058533,0.3827955424785614,0.2008754163980484,0.39283408650742413,0.7101355713363461,0.8539380245319561,0.8962233699160749,0.4603969958965641,0.6753697776941998,0.8243560035722705,0.8785340420269475,DATE_13-03-01,5,16,0.005,0.01,0.0,4,concat,relu,TXH6B21IOB
13-01-01,0.7765123980292384,0.971226759244872,0.9435600638389587,0.8442756533622742,0.3899580240249634,0.2041901797056198,0.420916720464816,0.7533892834086507,0.8699160748870239,0.9107488702388638,0.41469441086869824,0.6768009625882346,0.8256646311933291,0.9035547744572883,DATE_13-01-01,5,16,0.005,0.01,0.0,4,concat,relu,QAJG7KD9TD
13-01-01,0.7595773852730058,0.96939351828755,0.954413890838623,0.803942859172821,0.3895239531993866,0.20262053608894348,0.42575855390574563,0.7173983214977405,0.8689477081988379,0.9034861200774693,0.4366402211377431,0.6787593914637698,0.8640278606081775,0.9099462855663671,DATE_13-01-01,5,16,0.005,0.01,0.0,4,concat,relu,VRMKUD25GD
16-09-01,0.18105759948514427,0.7858100886166626,0.2998191714286804,0.16965092718601227,0.07893213629722595,0.054602693766355515,0.13379599741768883,0.15138799225306648,0.17608134280180762,0.2435442220787605,0.1676980231878081,0.20102062012204266,0.25732961309350083,0.34416091427968404,DATE_16-09-01,5,16,0.005,0.01,0.0,4,concat,relu,RCE0950G8Y
16-09-01,0.1773687513072579,0.7964399949794552,0.29439422488212585,0.16784228384494781,0.08364083617925644,0.055274199694395065,0.131375080697224,0.14977404777275663,0.18657198192382182,0.24661071659134925,0.16171885214291581,0.1977287689951791,0.26666857280973116,0.3305406589603988,DATE_16-09-01,5,16,0.005,0.01,0.0,4,concat,relu,Y0AL1S3X82
16-06-01,0.21075212897354223,0.8414776578565555,0.4459312856197357,0.2521251440048218,0.13811315596103668,0.10020620375871658,0.19899935442220787,0.2249838605551969,0.30810200129115556,0.44706262104583605,0.228696003496108,0.2731889938026926,0.3568426170217178,0.48229247743669423,DATE_16-06-01,5,16,0.005,0.01,0.0,4,concat,relu,9JZRHL79A5
16-06-01,0.20606507318100453,0.8262602043091604,0.4622061550617218,0.275818407535553,0.1457926332950592,0.10378382354974747,0.20626210458360233,0.2461265332472563,0.32520981278244027,0.4630406714009038,0.25171084908783015,0.2909627452745826,0.38191361909924904,0.5070860281393035,DATE_16-06-01,5,16,0.005,0.01,0.0,4,concat,relu,HUW5HE13RG
16-03-01,0.5271754842440012,0.9308947451060867,0.8567811846733093,0.600470244884491,0.3101577162742615,0.1798943728208542,0.38234344738540993,0.5358295674628792,0.6918979987088444,0.802614590058102,0.28821944068873095,0.4167453149513501,0.5537474122181115,0.6890854594663459,DATE_16-03-01,5,16,0.005,0.01,0.0,4,concat,relu,XEHQDRUVUK
16-03-01,0.5860591021881344,0.9333935464547167,0.9139240384101868,0.6581660509109497,0.32361453771591187,0.1810157746076584,0.407843770174306,0.5873143963847643,0.7219173660426081,0.8076178179470627,0.30037716409325704,0.4643645582650832,0.6181740638604473,0.7131931967099138,DATE_16-03-01,5,16,0.005,0.01,0.0,4,concat,relu,ANWV35BL37
15-12-01,0.5216412309231924,0.9404714870612731,0.8094032406806946,0.6200036406517029,0.3299088478088379,0.18626777827739716,0.36120077469335055,0.5532601678502259,0.7359586830213041,0.8310200129115558,0.35411832766157303,0.4855138760691489,0.6613251035066835,0.7601645791872095,DATE_15-12-01,5,16,0.005,0.01,0.0,4,concat,relu,DQTW8W6ZXE
15-12-01,0.45415021738044076,0.9338828100295351,0.7103074193000793,0.5146177411079407,0.32882362604141235,0.18689627945423126,0.31697869593285993,0.4573918657198192,0.7335377663008392,0.8337637185280826,0.3575448661832369,0.4675474113746821,0.6756582981816484,0.7891157778591023,DATE_15-12-01,5,16,0.005,0.01,0.0,4,concat,relu,85KTCQOIOM
15-09-01,0.6685236768802229,0.9554391069074666,0.9301736354827881,0.7216494679450989,0.3640836477279663,0.19512371718883514,0.41494512588766946,0.643963847643641,0.8121368624919303,0.8705616526791479,0.3791482815750066,0.6217688913713817,0.7794028317753019,0.8560146891027923,DATE_15-09-01,5,16,0.005,0.01,0.0,4,concat,relu,MS8AIRQ3X3
15-09-01,0.6902876851924433,0.9588908383647633,0.9370477795600891,0.7464279532432556,0.3657936751842499,0.19675154983997345,0.41801162040025824,0.6660748870238864,0.816010329244674,0.8778244028405423,0.3452730885399117,0.6184120501584978,0.7832132765239074,0.8394068224806635,DATE_15-09-01,5,16,0.005,0.01,0.0,4,concat,relu,F09BSDAORE
15-06-01,0.7051118482606108,0.9576524218641463,0.938517153263092,0.7467896342277527,0.363044410943985,0.19512371718883514,0.41881859264041316,0.6663976759199484,0.8098773402194964,0.8705616526791479,0.3764306726157191,0.6260716860942999,0.786626019462963,0.8492206254231125,DATE_15-06-01,5,16,0.005,0.01,0.0,4,concat,relu,NGWUTIWZL6
15-06-01,0.7077904328018223,0.9590817046009512,0.9341772198677063,0.7574606537818909,0.36897698044776917,0.1952684074640274,0.4168818592640413,0.6759199483537767,0.8231116849580374,0.8712072304712718,0.427910977430378,0.657323433183019,0.8016183614773388,0.8573441314804086,DATE_15-06-01,5,16,0.005,0.01,0.0,4,concat,relu,KO1GMEGW5N
15-03-01,0.7421238938053096,0.9635386809275074,0.9779305458068848,0.7809730768203735,0.3663724362850189,0.19759786128997803,0.43624919302775983,0.6969012265978051,0.8173014848289218,0.881536475145255,0.33742074089644886,0.615064527004602,0.7785016025624183,0.8561323461905826,DATE_15-03-01,5,16,0.005,0.01,0.0,4,concat,relu,KVQYPLC0GL
15-03-01,0.7437744034707158,0.9674704979209712,0.9105129241943359,0.7871413230895996,0.3763565421104431,0.20091159641742706,0.4039703034215623,0.6994835377663008,0.8395739186571982,0.8963847643641059,0.4351961738493597,0.6372611194991064,0.8088787734917339,0.8941941116756276,DATE_15-03-01,5,16,0.005,0.01,0.0,4,concat,relu,VCKJNYYDIR
14-12-01,0.6395831866507076,0.9450669216974938,0.9243849515914917,0.7464279532432556,0.3606106638908386,0.19285869598388672,0.4123628147191737,0.6660748870238864,0.8043899289864429,0.8603938024531956,0.39806541116828614,0.5985822374511426,0.7625703394674725,0.8348665548268563,DATE_14-12-01,5,16,0.005,0.01,0.0,4,concat,relu,98X8VUZ5TC
14-09-01,0.7158307076556246,0.9547757153115359,0.9453887939453125,0.7592257857322693,0.3556906282901764,0.1936405748128891,0.42188508715300194,0.6773724983860555,0.7934151065203358,0.8639444803098774,0.3492797145325606,0.5955216799127798,0.7410339977393249,0.8332558357220387,DATE_14-09-01,5,16,0.005,0.01,0.0,4,concat,relu,6CA294Y8SC
14-12-01,0.708050586057989,0.9649090054561698,0.9218806624412537,0.7776167988777161,0.3765012323856354,0.2003328651189804,0.41139444803098774,0.6930277598450614,0.8398967075532602,0.893641058747579,0.39139798007500287,0.6615954970772981,0.805910380413342,0.8882484844690328,DATE_14-12-01,5,16,0.005,0.01,0.0,4,concat,relu,4REAW8GOVG
14-09-01,0.752998406441332,0.9633026754990771,0.9717902541160583,0.8032193779945374,0.37020692229270935,0.1967877298593521,0.43366688185926405,0.7167527437056165,0.8258553905745643,0.8779857972885733,0.43163242256791357,0.6599185426255032,0.7782338659651136,0.8487452440229827,DATE_14-09-01,5,16,0.005,0.01,0.0,4,concat,relu,BJD7QJD6FS
14-03-01,0.48764331210191086,0.9488896993157006,0.9366859793663025,0.7404593825340271,0.3474171757698059,0.18817827105522156,0.41785022595222726,0.6607488702388638,0.7750161394448031,0.8395739186571982,0.4405362730323877,0.6275420630015959,0.7708334848012633,0.8291134738233488,DATE_14-03-01,5,16,0.005,0.01,0.0,4,concat,relu,9RR3X7WKQT
14-06-01,0.7654537483559842,0.9686640520396607,0.9540687203407288,0.8095496296882629,0.3786815106868744,0.20149767398834229,0.42575855390574563,0.7224015493867011,0.8445771465461588,0.8989670755326017,0.4196311833590461,0.6905450721379616,0.8247871090903873,0.8914055948003068,DATE_14-06-01,5,16,0.005,0.01,0.0,4,concat,relu,ZK0CUDKIVW
14-03-01,0.6138400377333064,0.9532790383706897,0.9569620490074158,0.7493217587471008,0.3522176444530487,0.1896614134311676,0.42704970948999355,0.6686571981923822,0.7856681730148483,0.8461910910264687,0.36725503523663383,0.5874677982589309,0.7545428777594032,0.8216187228605519,DATE_14-03-01,5,16,0.005,0.01,0.0,4,concat,relu,46573Z25MH
14-06-01,0.7750226542548809,0.9685628188944406,0.9880651235580444,0.8303490877151489,0.3836468756198883,0.20206916332244873,0.4409296320206585,0.7409619109102646,0.8557133634602969,0.9015493867010975,0.4175466470048748,0.7283783386758077,0.838734323050305,0.8921566787941942,DATE_14-06-01,5,16,0.005,0.01,0.0,4,concat,relu,UM8W7HXCHH
13-12-01,0.5871752144664568,0.9615114341615619,0.9269439578056335,0.7285223603248596,0.363044410943985,0.1967877298593521,0.41365397030342155,0.6500968366688186,0.8098773402194964,0.8779857972885733,0.4462400168195064,0.6488995117071601,0.8019282068693098,0.8765219953504841,DATE_13-12-01,5,16,0.005,0.01,0.0,4,concat,relu,41WFN0BQCZ
13-12-01,0.6238105614876154,0.956001342697844,0.9012657999992371,0.6890938878059387,0.3531838059425354,0.19289487600326538,0.40219496449322145,0.6149128469980633,0.7877663008392511,0.8605551969012266,0.41409029607240055,0.5978550101651526,0.7831438136483794,0.8564283571802227,DATE_13-12-01,5,16,0.005,0.01,0.0,4,concat,relu,AHIUR45GX6
13-09-01,0.6457540736486972,0.9644612234149702,0.9262205958366394,0.7428106069564819,0.36275503039360046,0.19989870488643646,0.4133311814073596,0.6628469980632666,0.8092317624273725,0.8918657198192382,0.4449198648536614,0.6268711091642926,0.7830781087113686,0.878597926034919,DATE_13-09-01,5,16,0.005,0.01,0.0,4,concat,relu,OLYB0YZXIT
13-09-01,0.6092108047111926,0.9605002099506204,0.9074140787124634,0.7017543911933899,0.3500940501689911,0.19659201800823212,0.4049386701097482,0.6262104583602324,0.7809877340219497,0.8770174306003874,0.44584989489219234,0.6133909580113515,0.739698638289154,0.8611475076309302,DATE_13-09-01,5,16,0.005,0.01,0.0,4,concat,relu,GZBTGU4297
13-06-01,0.6764987244897959,0.9619385969697145,0.9423912763595581,0.740821123123169,0.36499783396720886,0.19931992888450623,0.4197869593285991,0.6610716591349257,0.8142349903163331,0.8892834086507424,0.47954967674977905,0.6854526352108787,0.7956642742223087,0.8956755665955817,DATE_13-06-01,5,16,0.005,0.01,0.0,4,concat,relu,LVJQZLWPRG
13-03-01,0.7338842975206612,0.9694405796243394,0.8792043328285217,0.7961656451225281,0.3923455476760864,0.20440968871116638,0.3923499031633312,0.710458360232408,0.8752420916720465,0.9112330535829567,0.4980084974782225,0.6866175974767923,0.8591581865882013,0.8953082064706217,DATE_13-03-01,5,16,0.005,0.01,0.0,4,concat,relu,307FY593CR
13-06-01,0.5350279737290197,0.9572314940067694,0.8773072957992554,0.6247060894966125,0.3472975790500641,0.19632457196712494,0.39122014202711425,0.5574564234990317,0.7746933505487411,0.8758876694641704,0.4560566007690134,0.5748083505798472,0.7459893082568378,0.8525592141704985,DATE_13-06-01,5,16,0.005,0.01,0.0,4,concat,relu,9YZ6UJCHX0
13-03-01,0.7578963992419455,0.9688781058427853,0.9070524573326111,0.81569904088974,0.3892345428466797,0.20382903516292572,0.40477727566171723,0.7278889606197547,0.868302130406714,0.9089735313105229,0.4332759488831209,0.6853286033565353,0.8412539305939679,0.887850184457025,DATE_13-03-01,5,16,0.005,0.01,0.0,4,concat,relu,TV0FVC2TSE
13-01-01,0.7894186700972904,0.9698424162296618,0.9522603750228882,0.8386104702949524,0.39040452241897583,0.20247440040111542,0.4249515816655907,0.7480632666236281,0.8707230471271789,0.9033247256294383,0.46505400543952935,0.6978526389428743,0.8481587689086585,0.8869895360566512,DATE_13-01-01,5,16,0.005,0.01,0.0,4,concat,relu,5BIBIN5JRK
13-01-01,0.758982266769468,0.9700827792556337,0.9547920227050781,0.8350515365600586,0.3905368149280548,0.20324143767356873,0.4260813428018076,0.7451581665590704,0.8712072304712718,0.9067140090380891,0.45973387228136653,0.6859003657959741,0.8437015042602761,0.8990255749691852,DATE_13-01-01,5,16,0.005,0.01,0.0,4,concat,relu,RQ5XY7VFE6
16-09-01,0.18773946360153257,0.7651543121292229,0.3037974536418915,0.17019352316856384,0.0779474526643753,0.04709882661700249,0.1355713363460297,0.15187217559715946,0.17382182052937378,0.21013557133634603,0.1624861165759339,0.1967473522482678,0.2319686714309525,0.29200390557465666,DATE_16-09-01,5,16,0.005,0.01,0.0,4,concat,relu,OYDKFIZOUJ
16-09-01,0.1738964265239824,0.7759711424954379,0.3070524334907532,0.17510853707790375,0.0861794501543045,0.06233042851090431,0.1370238863783086,0.15622982569399613,0.19222078760490638,0.27808263395739186,0.1701739854332456,0.20986910798107877,0.2748160675619816,0.3531687654322482,DATE_16-09-01,5,16,0.005,0.01,0.0,4,concat,relu,SQTT4C9AO8
16-06-01,0.25389394075808047,0.8153833141671106,0.4607594907283783,0.26062577962875366,0.13934308290481567,0.10269859433174133,0.20561652679147838,0.23256939961265333,0.3108457069076824,0.4581988379599742,0.24858533270858954,0.28448384491014816,0.38838123599054203,0.5116862088275015,DATE_16-06-01,5,16,0.005,0.01,0.0,4,concat,relu,4E697JIN98
16-06-01,0.2152058891189326,0.8364685542431496,0.4593128263950348,0.27129679918289185,0.14839737117290497,0.11178236454725266,0.20497094899935442,0.2420916720464816,0.33102001291155586,0.4987088444157521,0.2540491984462953,0.29369974762048495,0.38695253177146705,0.5454360719146004,DATE_16-06-01,5,16,0.005,0.01,0.0,4,concat,relu,EO10I8SA32
16-03-01,0.5918883692402055,0.9324840466003947,0.9077757596969604,0.6583468914031982,0.3204312026500702,0.1780494898557663,0.4051000645577792,0.5874757908327953,0.7148160103292447,0.7943834732085217,0.3102541613781659,0.4839367833655511,0.6211031054806683,0.7004642420333734,DATE_16-03-01,5,16,0.005,0.01,0.0,4,concat,relu,KOXL58FEA8
16-03-01,0.5030862057008114,0.9305234690164369,0.7591320276260376,0.5538071990013123,0.3060338497161865,0.1793879270553589,0.33876694641704325,0.49418979987088446,0.6826985151710782,0.8003550677856682,0.2822878149039569,0.4185687843152974,0.587801034332763,0.7227095650204061,DATE_16-03-01,5,16,0.005,0.01,0.0,4,concat,relu,DIB7YNIUXN
15-12-01,0.5053612458514168,0.9337511331246653,0.7432187795639038,0.5715319514274597,0.3172478675842285,0.1818116009235382,0.3316655907036798,0.5100064557779213,0.7077146546158812,0.8111684958037444,0.3323430401254496,0.47747767272763164,0.6449429436521897,0.7604813441474022,DATE_15-12-01,5,16,0.005,0.01,0.0,4,concat,relu,LWC6SU96R2
15-09-01,0.6704815695600476,0.9564407457774167,0.9377938508987427,0.7500452399253845,0.36090606451034546,0.19461727142333984,0.4184958037443512,0.6693027759845062,0.8048741123305359,0.868302130406714,0.38368830343369176,0.6393687598372846,0.7802227741932308,0.8389219313846707,DATE_15-09-01,5,16,0.005,0.01,0.0,4,concat,relu,15STXL2TEP
15-12-01,0.4555502162421913,0.9368373199887295,0.7771345973014832,0.559775710105896,0.3377224802970886,0.1886485368013382,0.34667527437056167,0.49951581665590705,0.7533892834086507,0.841672046481601,0.35171475776049005,0.4596842328392346,0.6570497666363735,0.774050816262971,DATE_15-12-01,5,16,0.005,0.01,0.0,4,concat,relu,5J914YD4FR
15-09-01,0.6828417116742833,0.943165933281975,0.9363471865653992,0.7288840413093567,0.36068302392959595,0.19342352449893951,0.41785022595222726,0.6504196255648805,0.8045513234344739,0.8629761136216915,0.3927178557580413,0.6525331197422958,0.7826519071657275,0.8358637594602883,DATE_15-09-01,5,16,0.005,0.01,0.0,4,concat,relu,KZNRWEUK5R
15-06-01,0.729538565173459,0.9553768475795525,0.9352622032165527,0.7758277654647827,0.3720156252384186,0.1970047801733017,0.41736604260813426,0.6920593931568754,0.8298902517753389,0.8789541639767592,0.40230960458471,0.6404109610740193,0.7998307808523017,0.8594641653464316,DATE_15-06-01,5,16,0.005,0.01,0.0,4,concat,relu,2LECMBFXPV
15-03-01,0.754149805929474,0.9657219364340032,0.9678119421005249,0.8052089214324951,0.37440311908721924,0.19816234707832336,0.4318915429309232,0.7185280826339574,0.8352162685603616,0.8841187863137508,0.40673995201613383,0.6425797248644772,0.773950114683213,0.8584800376573276,DATE_15-03-01,5,16,0.005,0.01,0.0,4,concat,relu,3R2I30O1N6
15-06-01,0.7517580872011252,0.9564399601377858,0.9573236703872681,0.7921490669250488,0.37259441614151,0.19707712531089783,0.42721110393802453,0.7067462879276953,0.8311814073595868,0.8792769528728211,0.37409582460687274,0.6750584736274796,0.7980860055045648,0.8445564419954009,DATE_15-06-01,5,16,0.005,0.01,0.0,4,concat,relu,IRNU123S8G
15-03-01,0.7338368329321935,0.9666865328880658,0.9464350342750549,0.7838668823242188,0.3753436505794525,0.19950079917907715,0.4220464816010329,0.6994835377663008,0.8373143963847643,0.8900903808908973,0.40960372878244383,0.6537761528258477,0.8104012032917238,0.8808783773866458,DATE_15-03-01,5,16,0.005,0.01,0.0,4,concat,relu,8U3G1A1RTX
14-12-01,0.6787384940395352,0.9571305466301268,0.8925858736038208,0.7449809908866882,0.3651425242424011,0.19617986679077148,0.3983214977404777,0.6647837314396384,0.8145577792123951,0.8752420916720465,0.4521249055518515,0.6510880979841916,0.7962007747193347,0.8634078323766952,DATE_14-12-01,5,16,0.005,0.01,0.0,4,concat,relu,76T8YFI8XG
14-09-01,0.7415053763440859,0.9542135726870896,0.9793776869773865,0.7840477228164673,0.36152511835098267,0.1931411176919937,0.4368947708198838,0.6996449322143318,0.8064880568108457,0.8616849580374435,0.3238845662559621,0.6253968122224666,0.7493708852076316,0.8327295879871766,DATE_14-09-01,5,16,0.005,0.01,0.0,4,concat,relu,Q4RAP2Z23F
14-12-01,0.7165028032826846,0.9510667661557773,0.9316455721855164,0.7646952271461487,0.37121978402137756,0.19736652076244354,0.4157520981278244,0.6823757262750162,0.828114912846998,0.8805681084570691,0.3971619836229134,0.6494322703616513,0.793071672533908,0.8488038885045831,DATE_14-12-01,5,16,0.005,0.01,0.0,4,concat,relu,BUI27ZVE5B
14-09-01,0.7019752892106712,0.95789716876523,0.9488945007324219,0.7614396810531616,0.3640573024749756,0.1961727738380432,0.42253066494512587,0.6794706262104584,0.8121368624919303,0.8752420916720465,0.41663568843330745,0.6451699793798912,0.7689305329073246,0.8485141377159732,DATE_14-09-01,5,16,0.005,0.01,0.0,4,concat,relu,7UM9MC4ZKB
14-03-01,0.5477116916805633,0.9526480473175718,0.8712477684020996,0.664315402507782,0.3431485891342163,0.1892634928226471,0.38879922530664945,0.592801807617818,0.7654938670109748,0.8444157520981278,0.4515128972857047,0.5877311249357422,0.7335261798685186,0.8221932877052373,DATE_14-03-01,5,16,0.005,0.01,0.0,4,concat,relu,R1UFWJ6FVX
14-06-01,0.7402227823400277,0.9662395173755369,0.9707052707672119,0.7997829914093018,0.37794819474220276,0.2007668912410736,0.4331826985151711,0.7136862491930278,0.8431245965138799,0.8957391865719819,0.4199391479827957,0.686219827117293,0.8247518753632851,0.8794439056929716,DATE_14-06-01,5,16,0.005,0.01,0.0,4,concat,relu,OLYKG1BM2J
14-03-01,0.6358024691358024,0.9512366808073757,0.9367088675498962,0.7543859481811523,0.35769063234329224,0.18970444798469543,0.41801162040025824,0.6731762427372499,0.7979341510652034,0.8463524854744997,0.4015437073633873,0.5729907812456496,0.7625856725004624,0.8177635019289227,DATE_14-03-01,5,16,0.005,0.01,0.0,4,concat,relu,V4GTTL4HR7
14-06-01,0.7701788924077719,0.9651086164497074,0.9819168448448181,0.8153373003005981,0.3705686628818512,0.19921140372753143,0.4381859264041317,0.7275661717236928,0.8266623628147192,0.8887992253066495,0.3749239212495683,0.675353556352337,0.801401785676565,0.8737006163490686,DATE_14-06-01,5,16,0.005,0.01,0.0,4,concat,relu,S085F3VLXD
13-12-01,0.5120091064314172,0.9520456958300143,0.7690915465354919,0.613492488861084,0.3411951959133148,0.19147011637687683,0.34296320206584896,0.5474499677211104,0.7611362169141381,0.8542608134280181,0.40146331342205377,0.602010545584066,0.7798098061963599,0.8576494705653552,DATE_13-12-01,5,16,0.005,0.01,0.0,4,concat,relu,SGJADT5H42
13-09-01,0.5701429980276134,0.9628046376046422,0.917090892791748,0.7285223603248596,0.3538094162940979,0.19686007499694824,0.40703679793415104,0.6500968366688186,0.78921885087153,0.8783085861846353,0.4895515487504241,0.6496631814338606,0.7565682676266826,0.858232540148498,DATE_13-09-01,5,16,0.005,0.01,0.0,4,concat,relu,RP99SOTCMS
13-12-01,0.6170177748518763,0.9493792292495272,0.8408679962158203,0.6568999886512756,0.3363478481769562,0.18694834411144257,0.3752420916720465,0.5861846352485475,0.750322788896062,0.8340865074241446,0.4878232623165895,0.6387150572953637,0.7762479527259402,0.8427518469699719,DATE_13-12-01,5,16,0.005,0.01,0.0,4,concat,relu,OR16JGAPO3
13-06-01,0.5034360452227887,0.9584231860012714,0.8050633072853088,0.587448000907898,0.341871052980423,0.1967877298593521,0.3592640413169787,0.5242091672046482,0.7625887669464171,0.8779857972885733,0.44572270576352807,0.5788828768121641,0.7520344777537169,0.8741027651945541,DATE_13-06-01,5,16,0.005,0.01,0.0,4,concat,relu,V3BKT1YIIL
13-09-01,0.6590323069922647,0.9638241777707637,0.8799276947975159,0.7250859141349792,0.3611171543598175,0.1985240876674652,0.39267269205939315,0.6470303421562298,0.8055196901226598,0.8857327307940607,0.4946199655480453,0.6369907797080099,0.7739065102877198,0.8702602773213194,DATE_13-09-01,5,16,0.005,0.01,0.0,4,concat,relu,HDLJNPCO6O
13-03-01,0.7394745172522951,0.9710993706603129,0.8741410374641418,0.7865798473358154,0.3899580240249634,0.204239621758461,0.39009038089089737,0.7019044544867656,0.8699160748870239,0.9112330535829567,0.4537915278977568,0.6971514449203534,0.8525125161271567,0.9012095880935237,DATE_13-03-01,5,16,0.005,0.01,0.0,4,concat,relu,HL3CHDVH3M
13-06-01,0.566634018935684,0.9615205805476855,0.8658227920532227,0.660336434841156,0.347127765417099,0.197402685880661,0.38637830858618466,0.5892511297611362,0.7743705616526791,0.8807295029051001,0.4171195774123622,0.603704034586608,0.7571755400760302,0.8743684108290415,DATE_13-06-01,5,16,0.005,0.01,0.0,4,concat,relu,R2NKTZQ9BO
13-03-01,0.773179077725273,0.9688443382690988,0.9099457263946533,0.8345089554786682,0.38619592785835266,0.20333586633205414,0.40606843124596514,0.7446739832149774,0.8615235635894125,0.907036797934151,0.4772339354296934,0.6935739175608425,0.8479947654274043,0.9100567642246632,DATE_13-03-01,5,16,0.005,0.01,0.0,4,concat,relu,K39EYNPGPH
13-01-01,0.744539411206078,0.9664206008903471,0.9185962080955505,0.8121947050094604,0.38518303632736206,0.20217768847942352,0.40978050355067785,0.724499677211104,0.8592640413169786,0.9020335700451905,0.43305793769943146,0.6650556371934323,0.8352406294382837,0.8960461773515614,DATE_13-01-01,5,16,0.005,0.01,0.0,4,concat,relu,N0CNP3MJTN
13-01-01,0.7358893222459342,0.9665822213852047,0.8950796127319336,0.8198589086532593,0.3872811496257782,0.20268411934375763,0.39928986442866365,0.7316010329244674,0.8639444803098774,0.9042930923176242,0.4669853387167464,0.6605916192388599,0.8427516625289482,0.8919045115567763,DATE_13-01-01,5,16,0.005,0.01,0.0,4,concat,relu,FF1US6PV8L
16-09-01,0.17168584292146072,0.7854117266227973,0.2919681668281555,0.16748055815696716,0.08227802067995071,0.05950658395886421,0.1302453195610071,0.14945125887669464,0.18350548741123304,0.2654938670109748,0.15289876573979505,0.18561116795170648,0.25971600062787964,0.3251013318321576,DATE_16-09-01,5,16,0.005,0.01,0.0,4,concat,relu,171VZ38STQ
16-09-01,0.18507720548536874,0.8023367656681614,0.3063291013240814,0.17058610916137695,0.07915490865707397,0.05773613601922989,0.1367010974822466,0.15219496449322142,0.17656552614590057,0.2575855390574564,0.16862398946415305,0.19450232891162111,0.2531460986908734,0.34855785459397987,DATE_16-09-01,5,16,0.005,0.01,0.0,4,concat,relu,OFE075VD70
16-06-01,0.17387529169153962,0.8248327627939304,0.43074139952659607,0.23747512698173523,0.12277528643608093,0.10230068117380142,0.19222078760490638,0.2119109102646869,0.2738863783085862,0.4564234990316333,0.2220654933676286,0.25396468715262205,0.33755064929934386,0.49383093631676955,DATE_16-06-01,5,16,0.005,0.01,0.0,4,concat,relu,6A57Q06FSA
16-06-01,0.19421885753613213,0.839238755414386,0.4513562321662903,0.24543316662311554,0.1072203740477562,0.06323252618312836,0.2014202711426727,0.21901226597805035,0.23918657198192383,0.28211749515816653,0.24739677183859313,0.273032136748332,0.3038212089842859,0.35121835557522596,DATE_16-06-01,5,16,0.005,0.01,0.0,4,concat,relu,VMKMUGBU15
16-09-01,0.16283405842137974,0.7527281173437611,0.30271247029304504,0.16784228384494781,0.07893213629722595,0.05317609757184982,0.13508715300193674,0.14977404777275663,0.17608134280180762,0.23724983860555196,0.15518412674493257,0.18716256578619805,0.2438215708219739,0.3185596592187355,DATE_16-09-01,5,16,0.005,0.01,0.0,4,concat,relu,PRJT5TFLVO
16-06-01,0.20503575506279675,0.8326244093769684,0.442676305770874,0.2546572685241699,0.13775141537189484,0.10993343591690063,0.197546804389929,0.22724338282763074,0.30729502905100065,0.49047772756617175,0.25141451428489386,0.2855948456785647,0.3615533901762768,0.5303484263449249,DATE_16-06-01,5,16,0.005,0.01,0.0,4,concat,relu,1MNBK3SO7P
16-06-01,0.18250710451531416,0.8272967526326709,0.4462929368019104,0.24470971524715424,0.11532339453697205,0.08895239233970642,0.19916074887023885,0.21836668818592642,0.25726275016139444,0.39686894770819886,0.2400228763300042,0.2668981397727141,0.3128401671222767,0.4541784156687626,DATE_16-06-01,5,16,0.005,0.01,0.0,4,concat,relu,GWP13AH2B2
15-12-01,0.4757461637906807,0.9405746757952207,0.8057866096496582,0.6064387559890747,0.31905657052993774,0.18463319540023804,0.35958683021304066,0.5411555842479019,0.7117495158166559,0.8237572627501614,0.33991793090241995,0.49453175388266296,0.6513612778640703,0.7655688261629584,DATE_15-12-01,5,16,0.005,0.01,0.0,4,concat,relu,G0797FHAN8
15-12-01,0.5184141185121637,0.9405335588628898,0.7898734211921692,0.6126289367675781,0.3290882706642151,0.18622486293315887,0.3524854744996772,0.5464816010329244,0.7340219496449322,0.8308586184635248,0.3515764268033309,0.4960692991358315,0.6696861487724438,0.7872874751556379,DATE_15-12-01,5,16,0.005,0.01,0.0,4,concat,relu,EV4I3XHNWB
16-03-01,0.4508000223002732,0.9354374988873837,0.7887884378433228,0.5720745325088501,0.3055274188518524,0.17902618646621704,0.35200129115558426,0.5104906391220142,0.6815687540348612,0.7987411233053583,0.30203576079289174,0.42672657273244397,0.5831243774653874,0.7216430353688027,DATE_16-03-01,5,16,0.005,0.01,0.0,4,concat,relu,WV5OF3US2N
16-03-01,0.5959028831562975,0.9304629616260806,0.8976491689682007,0.6640738248825073,0.3283398449420929,0.18214376270771027,0.40058102001291157,0.592479018721756,0.7322466107165914,0.8126210458360232,0.31575258291806124,0.4736920688142339,0.625652533642199,0.7078060927130527,DATE_16-03-01,5,16,0.005,0.01,0.0,4,concat,relu,QA4P62OR1B
15-06-01,0.7331938506322205,0.9571108486050848,0.9497287273406982,0.7748236656188965,0.36852386593818665,0.1972941756248474,0.4238218205293738,0.6914138153647514,0.8219819238218206,0.8802453195610072,0.37423737229880605,0.6270137638810972,0.7903358033451781,0.8648861733867991,DATE_15-06-01,5,16,0.005,0.01,0.0,4,concat,relu,0W7UMMOEXH
15-06-01,0.7187938945594157,0.9558503783549686,0.9486437439918518,0.7652378082275391,0.3672937750816345,0.19837939739227295,0.42333763718528084,0.6828599096191091,0.8192382182052937,0.8850871530019367,0.37719879827848657,0.6355366095615101,0.7802004428163869,0.8518162785310783,DATE_15-06-01,5,16,0.005,0.01,0.0,4,concat,relu,L1JMGW6Q27
16-03-01,0.5075893153045669,0.9166280695940714,0.8390596508979797,0.6035449504852295,0.3034293055534363,0.17280422151088715,0.37443511943189156,0.5385732730794061,0.6768883150419626,0.7709812782440284,0.32274755646273273,0.4559906305323371,0.5841300758541357,0.6990885566553108,DATE_16-03-01,5,16,0.005,0.01,0.0,4,concat,relu,ABGQ596PTH
16-03-01,0.5522165249561887,0.943167665511355,0.8980108499526978,0.6751904487609863,0.33482852578163147,0.18655042350292206,0.40074241446094255,0.6008715300193673,0.7469335054874112,0.8323111684958038,0.31598382537814673,0.46975499772826035,0.6512222894333645,0.7672449807391023,DATE_16-03-01,5,16,0.005,0.01,0.0,4,concat,relu,4GRQ838JRH
15-12-01,0.5900592795257638,0.9466382860625802,0.9432188272476196,0.7332126498222351,0.3468383848667145,0.1885400116443634,0.420916720464816,0.6538089089735313,0.7737249838605552,0.841187863137508,0.4012972322334973,0.5712687152463001,0.6997536678403081,0.7898020596165539,DATE_15-12-01,5,16,0.005,0.01,0.0,4,concat,relu,YGHNDGEV7R
15-12-01,0.514507000297885,0.9397211946444706,0.773236870765686,0.5881714820861816,0.3294023871421814,0.1866951286792755,0.3450613298902518,0.5248547449967721,0.7348289218850872,0.8329567462879277,0.35298814938207246,0.4948980618984568,0.6409756823732268,0.7799549758630989,DATE_15-12-01,5,16,0.005,0.01,0.0,4,concat,relu,CR0N85XCZZ
15-06-01,0.7343763969602146,0.960609394151123,0.9580318331718445,0.7728341221809387,0.36724063754081726,0.19653451442718506,0.4273724983860555,0.6896384764364106,0.8192382182052937,0.8768560361523564,0.3644977354779901,0.5960993829059714,0.7685750084423902,0.8550302290789896,DATE_15-06-01,5,16,0.005,0.01,0.0,4,concat,relu,H9OPZ74FPS
15-06-01,0.7236387410105538,0.9587498929427898,0.9569464325904846,0.7568740844726562,0.37042397260665894,0.19770638644695282,0.42688831504196256,0.6752743705616526,0.8263395739186572,0.882020658489348,0.36041477684445505,0.6138117318023077,0.7671593991572708,0.8590421233814138,DATE_15-06-01,5,16,0.005,0.01,0.0,4,concat,relu,F31436MSB3
15-09-01,0.6467450765864333,0.9600801170033185,0.9352622032165527,0.744076669216156,0.3676023781299591,0.19682390987873077,0.41736604260813426,0.6639767591994835,0.8200451904454487,0.8781471917366043,0.38768383872626105,0.6338463416491258,0.7920043089210432,0.8569572565861887,DATE_15-09-01,5,16,0.005,0.01,0.0,4,concat,relu,NPHQBZ0M4G
15-09-01,0.6927215189873417,0.9540395796371344,0.9421338438987732,0.7580032348632812,0.3613080680370331,0.19472579658031464,0.42043253712072304,0.6764041316978696,0.8060038734667527,0.868786313750807,0.3563492247851931,0.62846183005228,0.7667665456470334,0.8219431612490439,DATE_15-09-01,5,16,0.005,0.01,0.0,4,concat,relu,TWFGDSO5XE
14-12-01,0.7104453441295548,0.9563639140437168,0.9663652777671814,0.7683125138282776,0.3619978427886963,0.1945449262857437,0.4312459651387992,0.6856036152356358,0.8071336346029696,0.867979341510652,0.3284808439524353,0.5814385938937451,0.7593742219426899,0.8429947520109293,DATE_14-12-01,5,16,0.005,0.01,0.0,4,concat,relu,3QB4S81JLR
15-09-01,0.7146628269738421,0.9596302664992828,0.930922269821167,0.7654187083244324,0.36948344111442566,0.19785109162330627,0.4154293092317624,0.6830213040671401,0.8242414460942543,0.8826662362814719,0.3831845921574279,0.6337853755587463,0.7927150156692592,0.8549704628020868,DATE_15-09-01,5,16,0.005,0.01,0.0,4,concat,relu,8FORHN2WZC
15-09-01,0.7120948354472354,0.9605143263808393,0.9464544057846069,0.7598118782043457,0.3652872145175934,0.19686007499694824,0.4222078760490639,0.6780180761781794,0.8148805681084571,0.8783085861846353,0.37700722616639126,0.6519227078188904,0.7954968638843216,0.8392830157807115,DATE_15-09-01,5,16,0.005,0.01,0.0,4,concat,relu,5J8I81TITA
14-12-01,0.7433597491944615,0.9513720380651343,0.9844484925270081,0.784771203994751,0.3618144989013672,0.19342352449893951,0.4393156875403486,0.7002905100064558,0.8071336346029696,0.8629761136216915,0.2634835370848967,0.5934720390807123,0.7450764117289698,0.823010725398915,DATE_14-12-01,5,16,0.005,0.01,0.0,4,concat,relu,V067M6DAJ8
15-03-01,0.7356685102273726,0.9658117716830974,0.9164556860923767,0.7777174711227417,0.37418606877326965,0.19881348311901093,0.40897353131052294,0.6939961265332473,0.8347320852162685,0.8870238863783085,0.425503209128949,0.6412837560709288,0.7905289924407453,0.8712007383140095,DATE_15-03-01,5,16,0.005,0.01,0.0,4,concat,relu,CSGCX20IH1
15-03-01,0.7627266387726639,0.9660375775323295,0.9576853513717651,0.8061132431030273,0.3720879852771759,0.1985240876674652,0.4273724983860555,0.7193350548741123,0.8300516462233699,0.8857327307940607,0.4521779189012932,0.6900782734944636,0.8071537443166766,0.8607387526154717,DATE_15-03-01,5,16,0.005,0.01,0.0,4,concat,relu,ICIKBK7CYR
13-12-01,0.5519509264529185,0.955803707598429,0.8835443258285522,0.6918068528175354,0.3404240012168884,0.19194038212299347,0.39428663653970303,0.6173337637185281,0.7593608779857973,0.856358941252421,0.4482893020250414,0.5941545297608591,0.7304003387291592,0.8351932474103652,DATE_13-12-01,5,16,0.005,0.01,0.0,4,concat,relu,X4I187UKIK
14-03-01,0.6020966572163249,0.9549218801159145,0.965280294418335,0.7417254447937012,0.3523368537425995,0.1903848946094513,0.43076178179470626,0.6618786313750807,0.7859909619109102,0.8494189799870885,0.3568179799427128,0.6201973201578967,0.7500648818642082,0.8170606422562532,DATE_14-03-01,5,16,0.005,0.01,0.0,4,concat,relu,PC9T59FAKT
15-03-01,0.7681695827725438,0.966446581942174,0.9558770060539246,0.8180502653121948,0.37917813658714294,0.1996888965368271,0.4265655261459006,0.7299870884441575,0.8458683021304068,0.8908973531310523,0.41756161153454624,0.6835747886943553,0.8214014039934773,0.864548004557087,DATE_15-03-01,5,16,0.005,0.01,0.0,4,concat,relu,13VIDFK5F7
15-03-01,0.773156417453432,0.9652875977588921,0.9551537036895752,0.8207632303237915,0.37598609924316406,0.19841556251049042,0.42624273724983863,0.7324080051646223,0.8384441575209812,0.8852485474499677,0.4395043802309801,0.7113926175374521,0.8238671185895925,0.8725265876895884,DATE_15-03-01,5,16,0.005,0.01,0.0,4,concat,relu,4Z1O8U0M8Z
14-06-01,0.7651398181506261,0.9657981491517567,0.9743126034736633,0.8090070486068726,0.3756330609321594,0.20054984092712402,0.43463524854744995,0.7219173660426081,0.8379599741768883,0.894770819883796,0.4278511200691503,0.6995451455223866,0.8179831600156751,0.8849634106976509,DATE_14-06-01,5,16,0.005,0.01,0.0,4,concat,relu,8217T3LDZK
14-09-01,0.704565443351723,0.9577000493631326,0.9421338438987732,0.7628865838050842,0.3610910177230835,0.19460925459861755,0.42043253712072304,0.6807617817947063,0.8055196901226598,0.868140735958683,0.347958902442066,0.6071718362010778,0.7472621365190305,0.8424035511161245,DATE_14-09-01,5,16,0.005,0.01,0.0,4,concat,relu,K45O43HPDK
14-09-01,0.7043010752688172,0.9577467234043684,0.9743219017982483,0.744076669216156,0.3653595745563507,0.19736652076244354,0.43479664299548093,0.6639767591994835,0.8150419625564881,0.8805681084570691,0.44604126457363635,0.628677063826837,0.7764661218396232,0.8594867233925829,DATE_14-09-01,5,16,0.005,0.01,0.0,4,concat,relu,22H0PR35K3
13-06-01,0.6473580107374965,0.9642263676302415,0.9305605888366699,0.7244935035705566,0.36745768785476685,0.2009839415550232,0.41526791478373143,0.6463847643641059,0.8197224015493867,0.8967075532601678,0.4544912096553747,0.6502739472795179,0.7854226107118275,0.886378165191414,DATE_13-06-01,5,16,0.005,0.01,0.0,4,concat,relu,O3ECRZ1GF8
14-03-01,0.6220942192964412,0.9505897171720262,0.9555153846740723,0.7485073208808899,0.3506004810333252,0.18951670825481415,0.4264041316978696,0.6676888315041962,0.7821174951581665,0.8455455132343448,0.3780034123975382,0.6037522159220842,0.7643092430007704,0.818701643017114,DATE_14-03-01,5,16,0.005,0.01,0.0,4,concat,relu,Y39DUYM3CV
14-03-01,0.4980081797418601,0.9484082727276211,0.8987341523170471,0.6939218640327454,0.34379974007606506,0.18521198630332947,0.4010652033570045,0.6191091026468689,0.7669464170432537,0.8263395739186572,0.41148536978483324,0.5497136199941857,0.7378109567485553,0.8007445973129144,DATE_14-03-01,5,16,0.005,0.01,0.0,4,concat,relu,CGDJZS5RS8
13-09-01,0.5390625,0.9566738388746726,0.8864375948905945,0.6778802871704102,0.3427145183086395,0.1941470056772232,0.39557779212395094,0.604906391220142,0.7645255003227889,0.8662040025823111,0.4043755069039144,0.5613068582370366,0.6931121372659788,0.8321533095831241,DATE_13-09-01,5,16,0.005,0.01,0.0,4,concat,relu,1O0578RHA2
13-06-01,0.48054483973901035,0.9623238664627769,0.92549729347229,0.7081599235534668,0.3623209297657013,0.19769208133220673,0.4130083925112976,0.631697869593286,0.8082633957391866,0.882020658489348,0.4536509808078454,0.6221409899642438,0.7887385978592272,0.8754459626307753,DATE_13-06-01,5,16,0.005,0.01,0.0,4,concat,relu,BTF6ZV82X4
13-09-01,0.6173096976016683,0.959235956924813,0.9052441120147705,0.6872852444648743,0.35197511315345764,0.1958833783864975,0.4039703034215623,0.6132989025177534,0.7851839896707553,0.8739509360877986,0.3894485325683735,0.5767896876364957,0.7384474975645027,0.8562364542483446,DATE_13-09-01,5,16,0.005,0.01,0.0,4,concat,relu,2AY7ROKY90
13-01-01,0.7352072126676263,0.9680289610883553,0.8795620203018188,0.7804304361343384,0.38887280225753784,0.20360320806503296,0.38896061975468044,0.6964170432537121,0.8674951581665591,0.908327953518399,0.4670548964638893,0.6494214106862626,0.8153645875540906,0.8972728432825849,DATE_13-01-01,5,16,0.005,0.01,0.0,4,concat,relu,PV8ZTQPHWZ
13-03-01,0.7695012787723785,0.9668431833388278,0.9696202278137207,0.8308889865875244,0.3840237855911255,0.20134568214416504,0.4326985151710781,0.7406391220142027,0.8542608134280181,0.8983214977404778,0.4002089338069817,0.6851825552278773,0.8187085137292947,0.8996567853638011,DATE_13-03-01,5,16,0.005,0.01,0.0,4,concat,relu,XV8258KG6N
13-03-01,0.7747456806071371,0.9705865029593466,0.9428364634513855,0.8245614171028137,0.39068153500556946,0.20345114171504974,0.420593931568754,0.7357972885732731,0.8715300193673338,0.907682375726275,0.4215277139027646,0.7144328045683762,0.8605364236529115,0.8996015208491746,DATE_13-03-01,5,16,0.005,0.01,0.0,4,concat,relu,VSYUXEILHA
13-03-01,0.7503109452736317,0.9704201880362733,0.9027124643325806,0.8079218864440918,0.3865576684474945,0.20340761542320251,0.4028405422853454,0.7209489993544222,0.8623305358295674,0.907520981278244,0.47411101788886106,0.7018138674475726,0.8456033862447857,0.9038617223830334,DATE_13-03-01,5,16,0.005,0.01,0.0,4,concat,relu,BOGEKUVCCM
16-09-01,0.1874848997342353,0.7754049913470827,0.3016274869441986,0.1705552488565445,0.0784313753247261,0.04142097383737564,0.13460296965784377,0.15219496449322142,0.17495158166559072,0.18479664299548096,0.15346974515702325,0.2000472695454051,0.24185875001557286,0.26828993969106124,DATE_16-09-01,5,16,0.005,0.01,0.0,4,concat,relu,6CM8GNHZTT
16-09-01,0.17765733212887685,0.8091358913995416,0.30560579895973206,0.16874660551548004,0.07943857461214066,0.0592171885073185,0.13637830858618463,0.15058102001291154,0.17721110393802453,0.2642027114267269,0.1684179807706144,0.2022952344702064,0.25618108539387807,0.3392406611909232,DATE_16-09-01,5,16,0.005,0.01,0.0,4,concat,relu,Q5QCL0M9CE
16-06-01,0.20941158923111344,0.816594191774033,0.442676305770874,0.24290107190608978,0.11344233900308609,0.089386485517025,0.197546804389929,0.21675274370561654,0.2530664945125888,0.3988056810845707,0.24583795243058834,0.2757781659106204,0.3198238679875833,0.4815893473515177,DATE_16-06-01,5,16,0.005,0.01,0.0,4,concat,relu,JRY0F8GFXI
16-06-01,0.18100180768557933,0.8155222090427732,0.4473779499530792,0.24543316662311554,0.11879612505435944,0.08725220710039139,0.19964493221433183,0.21901226597805035,0.2650096836668819,0.3892834086507424,0.24700956877569352,0.2713493786533182,0.3249992636087977,0.4676090089956716,DATE_16-06-01,5,16,0.005,0.01,0.0,4,concat,relu,WI53BSQQIQ
16-03-01,0.5527201975604281,0.9331324345994991,0.8405063152313232,0.618375837802887,0.3142815828323364,0.1800094097852707,0.3750806972240155,0.5518076178179471,0.7010974822466107,0.8030987734021949,0.30963044413684454,0.44641228511439573,0.5928082197403391,0.7404293460946676,DATE_16-03-01,5,16,0.005,0.01,0.0,4,concat,relu,RQL405YXGP
16-03-01,0.5483084425480036,0.9391290152641054,0.816274881362915,0.5994555354118347,0.31160467863082886,0.18003906309604645,0.3642672692059393,0.5330858618463525,0.6951258876694641,0.8032601678502259,0.30951856342378503,0.45259958687142204,0.5843513834950541,0.7439993659091819,DATE_16-03-01,5,16,0.005,0.01,0.0,4,concat,relu,PLUFTTFT7Q
15-12-01,0.628321302411304,0.9430002803745088,0.8296564221382141,0.6894555687904358,0.3366372585296631,0.18683981895446777,0.37023886378308585,0.6152356358941252,0.7509683666881859,0.8336023240800516,0.3522679799003898,0.52438179577473,0.6636469084674474,0.7590421339858259,DATE_15-12-01,5,16,0.005,0.01,0.0,4,concat,relu,82OU9SV7DJ
15-09-01,0.6445532256886096,0.9545268293945182,0.9117221236228943,0.7098408341407776,0.3645901083946228,0.19653451442718506,0.4067140090380891,0.6333118140735958,0.8132666236281472,0.8768560361523564,0.3748832599571457,0.6336093904174362,0.7685065863141582,0.8511173676763428,DATE_15-09-01,5,16,0.005,0.01,0.0,4,concat,relu,D4HLQ1ESOS
15-12-01,0.5726419617782039,0.9435073577531335,0.8701627254486084,0.6506787538528442,0.3385906517505646,0.1893720179796219,0.3883150419625565,0.5802130406714009,0.7553260167850226,0.8448999354422208,0.3662489959917841,0.5064856960882727,0.6531983210647955,0.7842525234850659,DATE_15-12-01,5,16,0.005,0.01,0.0,4,concat,relu,6QHKCHSJTI
15-09-01,0.6491110615190062,0.9568736376931163,0.8759493827819824,0.7178513407707214,0.3657936751842499,0.19682390987873077,0.3908973531310523,0.6405745642349903,0.816010329244674,0.8781471917366043,0.4384765824369012,0.6540519709319508,0.7980195114856794,0.8552089893570579,DATE_15-09-01,5,16,0.005,0.01,0.0,4,concat,relu,SE6KYJMCRI
15-06-01,0.7435511036255651,0.9642495608707445,0.9645569324493408,0.7825614809989929,0.3711474537849426,0.1980176568031311,0.4304389928986443,0.6981923821820529,0.827953518398967,0.8834732085216268,0.3632567187476421,0.6333756091474892,0.7736118697289717,0.8562285191183053,DATE_15-06-01,5,16,0.005,0.01,0.0,4,concat,relu,6FDQRNWH1C
15-03-01,0.7601654031702274,0.9657027983003743,0.965641975402832,0.8035811185836792,0.3758772909641266,0.19942845404148102,0.43092317624273724,0.7170755326016786,0.8384441575209812,0.8897675919948353,0.43081985835902714,0.6575212779942016,0.8078105923923194,0.8622174661055486,DATE_15-03-01,5,16,0.005,0.01,0.0,4,concat,relu,O0DU6PBHGW
15-06-01,0.7317073170731708,0.9597427046393738,0.9616636633872986,0.7690359950065613,0.36767470836639404,0.19743886590003967,0.4291478373143964,0.6862491930277599,0.8202065848934796,0.8808908973531311,0.38556378914298445,0.6329524611044227,0.787370423813451,0.8602109176273643,DATE_15-06-01,5,16,0.005,0.01,0.0,4,concat,relu,Z447UQORF7
15-03-01,0.757011750578952,0.964595216627942,0.9320072531700134,0.8019533157348633,0.373390257358551,0.1975112110376358,0.4159134925758554,0.7156229825693996,0.8329567462879277,0.881213686249193,0.4131693053483127,0.6460858589667394,0.7835078901928964,0.8397049374992713,DATE_15-03-01,5,16,0.005,0.01,0.0,4,concat,relu,REPOACZB9R
14-12-01,0.7277832837793196,0.9447484300800054,0.9670885801315308,0.7771748900413513,0.36678725481033325,0.1961004137992859,0.4315687540348612,0.6935119431891543,0.8181084570690769,0.8749193027759845,0.3647452125354535,0.6243545623190553,0.7756000053499259,0.8375642388533754,DATE_14-12-01,5,16,0.005,0.01,0.0,4,concat,relu,ZTF3VXT5C7
14-09-01,0.740642185559695,0.9578303245985129,0.9714285731315613,0.7744619250297546,0.3587758541107178,0.19255535304546356,0.43350548741123307,0.6910910264686895,0.8003550677856682,0.8591026468689477,0.36229812724019267,0.618680665028357,0.754102832721935,0.8409856264712545,DATE_14-09-01,5,16,0.005,0.01,0.0,4,concat,relu,TRME1XDMOL
14-12-01,0.6857799923342277,0.9611806449397727,0.9558770060539246,0.7473322749137878,0.3668065369129181,0.19559398293495178,0.4265655261459006,0.6668818592640413,0.8182698515171078,0.8726597805035506,0.30934433501694847,0.5633875182998777,0.7387698201834278,0.8357206059573886,DATE_14-12-01,5,16,0.005,0.01,0.0,4,concat,relu,C4LQQM6KW0
14-09-01,0.7319847266227962,0.9571239240851888,0.9717902541160583,0.7921866774559021,0.3663724362850189,0.19437812268733978,0.43366688185926405,0.7069076823757263,0.8173014848289218,0.8671723692704971,0.3066137494765184,0.5945686894285334,0.7554701169439222,0.8059685808351881,DATE_14-09-01,5,16,0.005,0.01,0.0,4,concat,relu,ZYUHIUZ84Z
14-06-01,0.7379485916071282,0.965866427237709,0.9663652777671814,0.7936335802078247,0.37121978402137756,0.20062945783138275,0.4312459651387992,0.7081988379599742,0.828114912846998,0.895093608779858,0.4270868856575087,0.7064397840969734,0.8175154009154293,0.888178430208169,DATE_14-06-01,5,16,0.005,0.01,0.0,4,concat,relu,NHDRKI0VAA
14-03-01,0.5598832116788321,0.9534760207113694,0.9106690883636475,0.7343100309371948,0.3568947911262512,0.1904916912317276,0.4063912201420271,0.6552614590058102,0.7961588121368625,0.8497417688831505,0.4583517795660566,0.6357623409465305,0.7609818932258681,0.8234129174195065,DATE_14-03-01,5,16,0.005,0.01,0.0,4,concat,relu,0GU0Q28LD4
13-12-01,0.7099648300117233,0.958877739294568,0.9754068851470947,0.7874457240104675,0.36386656761169434,0.1937490999698639,0.43528082633957393,0.7025500322788896,0.8116526791478373,0.8644286636539703,0.3666758953456105,0.6637526367278778,0.8002239182199257,0.8469558653820111,DATE_13-12-01,5,16,0.005,0.01,0.0,4,concat,relu,9EP21MMCGX
14-03-01,0.7000230220244035,0.9551286469696244,0.9464544057846069,0.7775366306304932,0.3637942373752594,0.1926276981830597,0.4222078760490639,0.6938347320852163,0.8114912846998064,0.8594254357650097,0.4169872839635803,0.640531793047029,0.7785627517682701,0.8289206950806547,DATE_14-03-01,5,16,0.005,0.01,0.0,4,concat,relu,7A2SKW4MNS
14-06-01,0.7505840071877808,0.9679540700129454,0.9455930590629578,0.7968891263008118,0.37375199794769287,0.20105628669261932,0.420755326016785,0.711103938024532,0.8337637185280826,0.8970303421562298,0.4710979703888193,0.6988650415924071,0.817233417101182,0.8774520073993876,DATE_14-06-01,5,16,0.005,0.01,0.0,4,concat,relu,H920S047Z2
13-12-01,0.6459811335464255,0.9582259289405384,0.9254703521728516,0.7160694599151611,0.3525539040565491,0.19429171085357666,0.41284699806326663,0.6386378308586185,0.7864751452550033,0.8668495803744352,0.46731747761266124,0.6398582960444806,0.7975840200963606,0.8748208885928062,DATE_13-12-01,5,16,0.005,0.01,0.0,4,concat,relu,9TB0IMLUIA
13-09-01,0.6507832422586523,0.9622557654518158,0.9088607430458069,0.7225537896156311,0.358341783285141,0.19794531166553497,0.4055842479018722,0.644770819883796,0.7993867010974822,0.8831504196255648,0.44859028326473255,0.6300384908154515,0.780588402390467,0.8727910229061872,DATE_13-09-01,5,16,0.005,0.01,0.0,4,concat,relu,UZKYDWOSKF
13-06-01,0.5904543427005672,0.9608854755617688,0.9265822768211365,0.7335865497589111,0.3560989797115326,0.19783678650856018,0.41349257585539057,0.6546158812136863,0.7943834732085217,0.8826662362814719,0.4541407953808575,0.663041050002827,0.7726896396142264,0.8755690701969906,DATE_13-06-01,5,16,0.005,0.01,0.0,4,concat,relu,710WXCGJZA
13-09-01,0.48965868568517584,0.9578825417140424,0.9119039177894592,0.7046481966972351,0.34973230957984924,0.195485457777977,0.4042930923176243,0.6287927695287282,0.7801807617817947,0.8721755971594577,0.4264229405791069,0.61489727592216,0.7373097825778725,0.8471268213809102,DATE_13-09-01,5,16,0.005,0.01,0.0,4,concat,relu,XXHL4Z2AWK
13-03-01,0.7509459158691298,0.9715111464579997,0.9258052706718445,0.8423572778701782,0.39241787791252136,0.20377673208713531,0.41284699806326663,0.7382182052937379,0.8754034861200775,0.9091349257585539,0.4601234285769169,0.6865518020235502,0.8650004313818009,0.8972046595642594,DATE_13-03-01,5,16,0.005,0.01,0.0,4,concat,relu,WN5TM6L1GY
13-06-01,0.6706820771609963,0.9610643090596205,0.9200723171234131,0.7243624329566956,0.3562835156917572,0.1967296153306961,0.41058747579083277,0.6463847643641059,0.7934151065203358,0.8776630083925113,0.4606655336950714,0.6545632874652936,0.7669007382323934,0.8679942617935781,DATE_13-06-01,5,16,0.005,0.01,0.0,4,concat,relu,OXLBGGVP14
13-03-01,0.7323117530610749,0.9704416929428833,0.9204339981079102,0.8306495547294617,0.39263492822647095,0.2043481469154358,0.4107488702388638,0.7409619109102646,0.8758876694641704,0.9117172369270498,0.4533387624893155,0.7046948405935598,0.8499217569553482,0.9025031858541582,DATE_13-03-01,5,16,0.005,0.01,0.0,4,concat,relu,72NY2WCHHH
13-01-01,0.7524217881530887,0.9698004324361194,0.9170289635658264,0.7894737124443054,0.38947978615760803,0.2038417011499405,0.40848934796642994,0.7044867656552615,0.868786313750807,0.9094577146546159,0.46812042418791927,0.6793372455698331,0.8521234497175698,0.9006794049856072,DATE_13-01-01,5,16,0.005,0.01,0.0,4,concat,relu,EJQX4W8UHI
13-01-01,0.744873847092004,0.9679463563516217,0.9569620490074158,0.8006523847579956,0.3867747187614441,0.20221386849880219,0.42704970948999355,0.7130406714009038,0.8628147191736604,0.9021949644932215,0.4723721287472652,0.6744892276528912,0.8411880980252837,0.8982343343392698,DATE_13-01-01,5,16,0.005,0.01,0.0,4,concat,relu,XFQ4JOB1VC
16-09-01,0.18148742643124666,0.8057232406614842,0.3012658357620239,0.17019352316856384,0.0788826197385788,0.05064390227198601,0.13444157520981279,0.15187217559715946,0.17591994835377664,0.22595222724338282,0.1631505047672674,0.20053249373355467,0.2526117986093461,0.308285530490153,DATE_16-09-01,5,16,0.005,0.01,0.0,4,concat,relu,53FXDBOZC3
14-12-01,0.6705185185185185,0.9542269676785599,0.9175108671188354,0.757098913192749,0.3685429096221924,0.1962812840938568,0.4092963202065849,0.6755971594577147,0.8221433182698515,0.8757262750161394,0.4118661774404492,0.6278726381254636,0.7638905656642019,0.8347265896540558,DATE_14-12-01,5,16,0.005,0.01,0.0,4,concat,relu,KB3ASD74LE
14-12-01,0.6884703286310978,0.9560390838582149,0.9233273267745972,0.7533924579620361,0.3676023781299591,0.19776442646980286,0.41204002582311167,0.672046481601033,0.8200451904454487,0.8823434473854099,0.4296986523589364,0.6524908189320258,0.7968084033633082,0.8558861566223598,DATE_14-12-01,5,16,0.005,0.01,0.0,4,concat,relu,FK801PS7ND
14-09-01,0.7203723020139613,0.9586704238965779,0.9446454644203186,0.7739193439483643,0.369338721036911,0.1981261819601059,0.421400903808909,0.6906068431245965,0.8239186571981924,0.8839573918657199,0.4198908956356317,0.6269577653896657,0.7751310596917185,0.8462343563358502,DATE_14-09-01,5,16,0.005,0.01,0.0,4,concat,relu,BAF8HWBHQI
14-03-01,0.6170596486540645,0.951469265672533,0.9511753916740417,0.7527582049369812,0.35617130994796753,0.18961510062217712,0.4244673983214977,0.6717236927049709,0.7945448676565526,0.842801807617818,0.3837056869054957,0.602274322190931,0.7514393327750906,0.8154408414193443,DATE_14-03-01,5,16,0.005,0.01,0.0,4,concat,relu,R57BRO6AYF
14-09-01,0.709867204572197,0.9588268659184298,0.9341772198677063,0.7563754916191101,0.36470842361450195,0.19552163779735565,0.4168818592640413,0.6749515816655907,0.8135894125242091,0.8723369916074887,0.4002291626697738,0.6416598805530768,0.7655069660827709,0.8167456618671155,DATE_14-09-01,5,16,0.005,0.01,0.0,4,concat,relu,OJF6K9IKDG
14-06-01,0.7653724379270122,0.9688418427957446,0.9305605888366699,0.8180007338523865,0.37946751713752747,0.20146149396896362,0.41526791478373143,0.7290187217559716,0.8465138799225307,0.8988056810845707,0.43760362439715644,0.72820711093885,0.8376063788931843,0.8863522413806264,DATE_14-06-01,5,16,0.005,0.01,0.0,4,concat,relu,0EGX2SW5CK
14-06-01,0.7435856059383572,0.9660298713362246,0.9663652777671814,0.804414689540863,0.37838229537010193,0.20029662549495697,0.4312459651387992,0.7175597159457715,0.8440929632020658,0.893641058747579,0.4298805621473812,0.7031255756503293,0.8315050925520607,0.8742256404105269,DATE_14-06-01,5,16,0.005,0.01,0.0,4,concat,relu,2IGJX7D9M8
14-06-01,0.7688869021010281,0.9647666234274821,0.9848101139068604,0.8093687891960144,0.370134562253952,0.19908110797405243,0.4394770819883796,0.7222401549386701,0.8256939961265333,0.8881536475145255,0.38170361045936113,0.671538283755785,0.7886665391751229,0.855174597923255,DATE_14-06-01,5,16,0.005,0.01,0.0,4,concat,relu,K0RPJIHPD3
13-09-01,0.5954982036806218,0.9620031400573762,0.8561569452285767,0.6592512130737305,0.3513493835926056,0.19917522370815277,0.3804067140090381,0.5882827630729502,0.7837314396384765,0.8886378308586185,0.4575934209455086,0.6341576032981978,0.7801433768772648,0.8683075744495576,DATE_13-09-01,5,16,0.005,0.01,0.0,4,concat,relu,B4MB8NUS98
13-12-01,0.592065918001196,0.9521886909024729,0.9367088675498962,0.7117019295692444,0.3478134870529175,0.18984228372573853,0.41801162040025824,0.6350871530019367,0.775338928340865,0.8469980632666236,0.47292581615574336,0.6480261499422998,0.7474627807056275,0.8417916719965672,DATE_13-12-01,5,16,0.005,0.01,0.0,4,concat,relu,HUGZ2BOCAN
13-12-01,0.5980767937596665,0.9597485812596451,0.9233273267745972,0.6991678476333618,0.35125163197517395,0.19563014805316925,0.41204002582311167,0.6237895416397676,0.7835700451904455,0.8728211749515816,0.4585224068281824,0.6375715647978157,0.7824890122242606,0.8807724828641839,DATE_13-12-01,5,16,0.005,0.01,0.0,4,concat,relu,PYWIM6VJHE
13-12-01,0.5792038478577306,0.956469219615119,0.9280028939247131,0.735937774181366,0.35320502519607544,0.1913977712392807,0.4139767591994835,0.6567140090380891,0.7879276952872821,0.8539380245319561,0.4658346689258912,0.6673049303208418,0.77836501603104,0.8397565567472586,DATE_13-12-01,5,16,0.005,0.01,0.0,4,concat,relu,Q28YW8IDQ6
13-09-01,0.6001520334473583,0.9642281004568389,0.892430305480957,0.7527134418487549,0.3613080680370331,0.19882068037986755,0.3976759199483538,0.6715622982569399,0.8060038734667527,0.8870238863783085,0.4674264335910067,0.6497011933275532,0.789180864899747,0.8690821966402522,DATE_13-09-01,5,16,0.005,0.01,0.0,4,concat,relu,V5Y8JX9O8J
13-03-01,0.7705592105263158,0.9699079423373405,0.9179023504257202,0.8185928463935852,0.3860512375831604,0.20311878621578217,0.4096191091026469,0.7304712717882504,0.8612007746933505,0.9060684312459651,0.49565380709953,0.7045288660172172,0.8432832132272892,0.8998355257585969,DATE_13-03-01,5,16,0.005,0.01,0.0,4,concat,relu,E306HXIFD4
13-06-01,0.6735257985257985,0.9645688479819527,0.9204339981079102,0.7471513748168945,0.3584919273853302,0.19972506165504456,0.4107488702388638,0.6667204648160103,0.7995480955455132,0.8910587475790833,0.470572065593068,0.6414188377226198,0.7708095390920506,0.8786314051105574,DATE_13-06-01,5,16,0.005,0.01,0.0,4,concat,relu,64WRGOA82Q
13-06-01,0.6979422474383945,0.9636591829969903,0.8672694563865662,0.7410019636154175,0.3692663908004761,0.19903773069381714,0.3870238863783086,0.6612330535829567,0.8237572627501614,0.8879922530664945,0.47982573478070456,0.653074364766888,0.8104811575286867,0.8786715102394413,DATE_13-06-01,5,16,0.005,0.01,0.0,4,concat,relu,HRZSVB28GQ
13-01-01,0.7601780655605018,0.9677206403836243,0.9443038105964661,0.8128052353858948,0.38641297817230225,0.20143260061740875,0.421400903808909,0.7253066494512589,0.8620077469335055,0.8986442866365397,0.4501465006151326,0.6606473367133723,0.8193761502792739,0.8906222476402404,DATE_13-01-01,5,16,0.005,0.01,0.0,4,concat,relu,FI2E79JCVP
13-01-01,0.7402785176166198,0.9702296720681534,0.8827785849571228,0.782781720161438,0.3888004720211029,0.20376935601234436,0.3938024531956101,0.6985151710781149,0.8673337637185281,0.9091349257585539,0.4745107013979113,0.6789333865735414,0.8486306561550205,0.9030945808475763,DATE_13-01-01,5,16,0.005,0.01,0.0,4,concat,relu,NHIKUK7CJN
13-01-01,0.7617752898840463,0.9692087365033264,0.946835458278656,0.8135286569595337,0.38733717799186707,0.20290116965770721,0.42253066494512587,0.7259522272433828,0.8639444803098774,0.9052614590058102,0.4816923926957014,0.6957661975818256,0.8421449714286179,0.9051063035213789,DATE_13-01-01,5,16,0.005,0.01,0.0,4,concat,relu,UKBVVVF0ES
